Campaign,Ad Group,Keyword,Criterion Type
Luxury Media Wall - Search - UAE,Media Walls,media wall dubai,Phrase
Luxury Media Wall - Search - UAE,Media Walls,custom media wall,Phrase
Luxury Media Wall - Search - UAE,Media Walls,bespoke media wall,Phrase
Luxury Media Wall - Search - UAE,Media Walls,media wall design,Phrase
Luxury Media Wall - Search - UAE,Media Walls,media wall installation,Phrase
Luxury Media Wall - Search - UAE,Media Walls,marble media wall,Phrase
Luxury Media Wall - Search - UAE,Media Walls,fireplace media wall,Phrase
Luxury Media Wall - Search - UAE,Media Walls,[media wall dubai],Exact
Luxury Media Wall - Search - UAE,Media Walls,[custom media wall dubai],Exact
Luxury Media Wall - Search - UAE,TV Wall Units,tv wall unit dubai,Phrase
Luxury Media Wall - Search - UAE,TV Wall Units,tv unit design dubai,Phrase
Luxury Media Wall - Search - UAE,TV Wall Units,floating tv unit,Phrase
Luxury Media Wall - Search - UAE,TV Wall Units,custom tv unit,Phrase
Luxury Media Wall - Search - UAE,TV Wall Units,tv feature wall,Phrase
Luxury Media Wall - Search - UAE,TV Wall Units,built in tv unit,Phrase
Luxury Media Wall - Search - UAE,TV Wall Units,[tv wall unit dubai],Exact
Luxury Media Wall - Search - UAE,TV Wall Units,[tv unit dubai],Exact
Luxury Media Wall - Search - UAE,Wall Panelling,wall panelling dubai,Phrase
Luxury Media Wall - Search - UAE,Wall Panelling,fluted wall panel,Phrase
Luxury Media Wall - Search - UAE,Wall Panelling,wooden wall panelling,Phrase
Luxury Media Wall - Search - UAE,Wall Panelling,decorative wall panels dubai,Phrase
Luxury Media Wall - Search - UAE,Wall Panelling,feature wall dubai,Phrase
Luxury Media Wall - Search - UAE,Wall Panelling,[wall panelling dubai],Exact
Luxury Media Wall - Search - UAE,Custom Joinery,custom joinery dubai,Phrase
Luxury Media Wall - Search - UAE,Custom Joinery,bespoke joinery dubai,Phrase
Luxury Media Wall - Search - UAE,Custom Joinery,built in wardrobes dubai,Phrase
Luxury Media Wall - Search - UAE,Custom Joinery,custom wardrobe dubai,Phrase
Luxury Media Wall - Search - UAE,Custom Joinery,carpentry works dubai,Phrase
Luxury Media Wall - Search - UAE,Custom Joinery,[custom joinery dubai],Exact
