Campaign,Keyword,Criterion Type
Luxury Media Wall - Search - UAE,free,Broad
Luxury Media Wall - Search - UAE,cheap,Broad
Luxury Media Wall - Search - UAE,cheapest,Broad
Luxury Media Wall - Search - UAE,diy,Broad
Luxury Media Wall - Search - UAE,how to build,Phrase
Luxury Media Wall - Search - UAE,how to make,Phrase
Luxury Media Wall - Search - UAE,jobs,Broad
Luxury Media Wall - Search - UAE,vacancy,Broad
Luxury Media Wall - Search - UAE,salary,Broad
Luxury Media Wall - Search - UAE,hiring,Broad
Luxury Media Wall - Search - UAE,carpenter required,Phrase
Luxury Media Wall - Search - UAE,second hand,Phrase
Luxury Media Wall - Search - UAE,used,Broad
Luxury Media Wall - Search - UAE,for sale,Phrase
Luxury Media Wall - Search - UAE,dubizzle,Broad
Luxury Media Wall - Search - UAE,ikea,Broad
Luxury Media Wall - Search - UAE,wallpaper,Broad
Luxury Media Wall - Search - UAE,paint,Broad
Luxury Media Wall - Search - UAE,painting,Broad
Luxury Media Wall - Search - UAE,repair,Broad
Luxury Media Wall - Search - UAE,fixing,Broad
Luxury Media Wall - Search - UAE,tv bracket,Phrase
Luxury Media Wall - Search - UAE,tv mount,Phrase
Luxury Media Wall - Search - UAE,wall mount,Phrase
Luxury Media Wall - Search - UAE,television for sale,Phrase
Luxury Media Wall - Search - UAE,course,Broad
Luxury Media Wall - Search - UAE,training,Broad
Luxury Media Wall - Search - UAE,cad block,Phrase
Luxury Media Wall - Search - UAE,autocad,Broad
Luxury Media Wall - Search - UAE,3d model,Phrase
Luxury Media Wall - Search - UAE,template,Broad
Luxury Media Wall - Search - UAE,rent,Broad
Luxury Media Wall - Search - UAE,rental,Broad
